Degrees Fahrenheit,Humidity (%),Shade Preference (0-1)
59.963209507789,18.513292883861965,0.20345951633822768
106.05714451279329,54.190094737835814,0.6859804824260928
88.5595153449124,87.29458358764083,0.950876531645821
77.89267873576293,73.22248864095612,0.5519035250218489
42.48149123539492,80.65611478614497,0.32501553386149423
42.47956162689621,65.87833667107174,0.46086936385319405
34.64668897345596,69.22765645178525,0.2916567300882767
99.29409166199481,84.91956515653193,0.9700681708731613
78.0892009394567,24.966800885918595,0.2866826736153537
86.64580622368364,48.942496364314046,0.6156420096042372
31.646759543664196,22.120944181960223,0.0
107.59278817295954,98.7668007996647,0.8020743958779972
96.59541126403374,94.40593396866133,1.0
46.987128854262096,3.94268113685059,0.0
44.54599737656805,70.55751725156884,0.40429332224062264
44.6723607882747,92.52483174156659,0.4445802739186092
54.33937943676302,18.057534512733355,0.1937128143301931
71.98051453057903,56.79452305526295,0.7019652894753035
64.55560149136926,91.54882975880419,0.43409168893068195
53.298331215843355,3.394597858579884,0.2538317500233803
78.94823157779035,69.742026724684,0.8314376174175838
41.15950885216335,29.734900737255078,0.2267031927249822
53.37157188281745,92.43961953765304,0.7197742520849799
59.308947463495336,97.10582451653677,0.42914355575677166
66.48559873736288,94.42664891134339,0.6188659138052598
92.81407691144109,47.42142166574638,0.5648543798836143
45.97390257266878,86.20426509893134,0.5569497156830331
71.13875507308893,84.45493985350704,0.8388792586610938
77.39316550896339,31.910047324325564,0.38570095559222684
33.71603301759982,82.89154741506773,0.42110627788189936
78.60358815211507,3.700763471549262,0.2585690181309561
43.64192989498332,59.6269878482053,0.3669545274338401
35.20412743882236,23.000883728770305,0.11660748538158344
105.91084298026666,12.056688577727881,0.8063602085155264
107.25056264596475,7.695320162920916,0.6535714095750058
94.67178784931689,69.62887758781397,0.70335646805586
54.36910153386965,33.98749637680661,0.16435656096642218
37.81376912051071,72.47667715287615,0.2090087085093088
84.73864212097254,6.535634079894237,0.3268091242073651
65.21219949916811,31.529033783061035,0.2905942959121241
39.76305878758231,53.949129237533725,0.42926588099345736
69.61415280890162,79.07231648389636,0.6378845273153577
32.75108168921747,31.875250293206992,0.1574904783917056
102.74563216630257,62.58913764370091,0.6418563405697599
50.70239852800135,88.5977748236187,0.6537149655942589
83.00178274831856,61.58631881823046,0.7329843671687045
54.93688608715288,23.295947475363377,0.10727778031510068
71.60544169422487,2.440078155653802,0.4049351642212092
73.73682234746238,87.00988739009298,0.6934810041033982
44.788356442042165,2.126941085038714,0.0
107.56677022116469,87.47016726841994,0.9149517023438777
92.01062586888916,52.8937134027212,0.6705330624795722
105.15991532513513,93.90676985128962,0.8056362604089823
101.5861880342119,79.87832357736654,1.0
77.83199830488681,99.79341105333374,0.8979037800922509
103.74993880184934,35.071181545171015,0.7610182021261973
37.07940016415356,76.71882889311269,0.34488904120384534
45.67862899353162,40.193091360924214,0.2430682995289874
33.61818311284304,47.98756203039088,0.279476008328268
56.02642646106115,62.75054632183701,0.4643731315080688
61.09418317515856,87.36771141863387,0.4075864618409789
51.70792254191167,98.40834691992951,0.5614438662521883
96.29900073215435,76.82734138645182,0.9271133179301008
58.540266135487144,41.77667821673337,0.36485465992187033
52.47476077499046,42.13570022770702,0.15788613774496385
73.41568665265987,73.75823015888915,0.7351618502841188
41.27393799798101,23.877714576830233,0.06061090614656825
94.17575846032318,11.047411313139467,0.4289561676601972
35.964051494381664,35.462215764077655,0.05246179063709144
108.95095492804138,28.723899165408174,0.6391137845705421
91.77958154373259,29.630812045599008,0.6845707120358444
45.89725452273379,23.360775104990992,0.22042685314204233
30.441769369888192,4.209318963636188,0.0
95.23691427638673,1.787393473341381,0.6475584622270824
86.54858750780937,98.77223897360315,0.9710361041835948
88.32057344327899,42.77731337358623,0.7567449243373401
91.70162773487566,38.432664715968166,0.5120113514280558
35.92357213872723,67.96472826930699,0.2967814417900774
58.67725828354181,21.825388786506416,0.4963768547289393
39.26952476201038,94.99611839502253,0.5583108998191642
99.04827407004748,78.6345014415552,0.6432670297818008
79.86385014620464,8.94110023122595,0.2358251135256354
56.471841988211935,41.75807757849284,0.35114367595049395
35.08466802288189,87.91183075621647,0.5534704155411041
54.878585737252976,94.47320222914102,0.5799629211270472
56.014665762139764,46.74015112498697,0.38119560092971216
88.36849426704512,61.34113892107077,0.5253177426697737
81.00459770841705,16.70339460920752,0.5120601031396756
100.97701940610612,99.11686261369765,1.0
67.77719401295595,23.16717013834434,0.32816563865357185
39.56753967506414,94.27317741351257,0.5590939975871624
87.0595829778396,64.96466489923685,0.873596193491069
90.8628038893518,60.773679487885914,0.5810723307727578
74.9021758055597,51.26885110165086,0.5511735754261977
91.67737439636488,23.06698117177587,0.46970341589367026
69.50364770915127,17.652803200550828,0.4840303382343735
71.81862635055953,22.048620907017536,0.4328715276097296
64.20328146868397,18.643826214425452,0.3849328828929531
32.03353013952761,77.95844735667534,0.4462509293195161
38.63131415946435,35.01252591667301,0.16317314892765666
32.51433485493874,5.784267656339637,0.2080306094002164
80.91283290110243,96.91026301408114,0.7826988457130488
55.148478486106136,88.37858849634257,0.4053098717653055
70.68565529317623,92.77522831952129,0.7546029752444279
102.60531791408744,99.49078226464353,1.0
49.94337833191,17.38952492194873,0.14583810800413058
62.830633842850375,39.62420189026587,0.5475982641819425
90.4440910834439,75.82384757040913,0.9190833753137723
48.3038532393298,69.60206180537922,0.326448941467614
36.15839278630344,15.389590633985506,0.30115489751930663
53.180116233101444,81.58331249906178,0.3564687329640114
42.897702980320354,22.444057183666068,0.06731526844806293
104.37581218740584,22.38176148226231,0.5210355730298035
94.64963036515336,53.69744228934136,0.8572578808991638
80.67230052083389,59.293993484170315,0.6789352487729202
99.71684721501742,58.00862078378112,0.6157525505366643
94.29376615192916,9.148683739775487,0.49492734844591024
44.925604710882865,87.74608626303804,0.5090455904116944
101.40471987919823,26.560004258870606,0.4751610501252225
73.14737935325206,12.951492128280417,0.5283778610254477
94.595212413125,88.87480798689772,0.9614047392226424
101.68730399387945,95.56514982297534,0.9219980886766526
55.44027799774911,86.21276172654507,0.7225037779929667
38.804153962214144,80.95160747248781,0.35694197631659724
48.234813003355335,65.52419806390218,0.5925020173953729
64.16862309010051,55.08573706091393,0.5437756209408604
95.44118127379944,8.698675991141014,0.5794720728196365
98.85844666050747,40.845321307069874,0.5462015933003995
30.556170442495258,37.2688517012314,0.30601778844549765
70.85978420620526,25.97537837603262,0.3813457702189159
63.39288025190232,72.3420113688585,0.40470800967769316
47.76862483765842,49.58757350787708,0.13665798830425008
39.589229386694626,8.104621590764793,0.1282399802186219
57.00921371229023,22.018320194981133,0.3016022324711718
105.43277631300154,68.32587636595959,0.9267907767590132
55.856234561660415,7.613085949030019,0.380477324215694
71.50324973946928,85.12069140487687,0.4835197725227389
86.24151671161422,49.51465270139743,0.7124685822788414
59.09036819034352,48.0586577326648,0.2853771699972685
107.74256661767686,59.24077846595176,0.9633031847592491
106.99578359536889,82.46809659251491,1.0
50.14258366602913,34.780920790219305,0.3065105626503135
69.77988047139084,67.80161525590636,0.6536526840083813
54.07026478534157,56.5731963995791,0.33255981676187757
52.78723955019741,26.70282701694213,0.266182764267375
32.95095578836262,87.8629986355158,0.5022389220389716
78.76514671839175,79.74260216069281,0.6684150878999948
70.21432185830892,65.84518346584255,0.5081074539308639
34.118300099999146,85.05817290942419,0.3688049212878103
52.29171713892892,86.72942009598023,0.6454052599007751
102.6612708773323,70.83629767150347,0.7623879412143553
49.16495125335779,83.7013328363672,0.34804710299994973
41.59158976729785,69.74714616692836,0.4507311160547596
69.15622082220504,68.01407717603004,0.6961192499538907
108.85203632884806,61.86113782151843,0.6790898151618474
49.364421720920035,75.27166395576413,0.34226946383233464
83.77084379247029,15.86051052930737,0.3235121664651542
90.9295692262974,88.08707591989284,0.7484966375096684
49.01100351939198,87.1843527745232,0.4714603290556977
88.25730788894876,2.9247283034559146,0.5481592571662619
59.422650617540256,82.58167505647627,0.6114556138101266
80.58446644748636,12.886986747344519,0.4793028723368983
80.68237686087159,33.51188542591419,0.4551153468040554
72.86197472598067,74.35082562916078,0.7554471341954021
37.22318160435266,16.07598960483082,0.10699268741123405
96.82419964713904,81.79670241190622,1.0
55.66240519773886,83.21341779577419,0.578978565484433
44.92148083198834,50.746773376083624,0.16540409637004813
33.26201132438111,0.638587171683358,0.09749045844976537
77.27143545505935,28.703813317491278,0.39939262535558984
84.2051489473826,61.69269183757422,0.7278402631301053
31.32702631422849,98.11861780274235,0.23028362783264536
70.96744466394247,63.18135270166684,0.4299338206566196
48.11966201583503,25.98035810641598,0.3821138011067412
81.61382323275599,63.40057030996113,0.5315777782949204
43.94931432039932,53.99853797158555,0.4554304593865131
85.27501904819728,77.98453951511436,0.6382112363037014
60.93882770404299,10.698063882695841,0.3319862273345889
104.93839909893876,76.1027902502028,0.9441093836467842
41.00167553167946,54.12665786761103,0.3040810992160613
57.285308084020684,96.29920038589947,0.5119608828524456
39.07788169924713,34.187216603868606,0.08989072970826634
103.97548946228503,63.26218931339481,0.6211406700456876
100.18714827047847,93.20281055100175,0.820793414728885
50.63533021721245,10.250972799067926,0.25703398403787825
82.79872368273432,93.72284872364511,0.9462037498944809
95.37777601609727,68.78857223008133,0.9139694019462756
74.416064927957,6.78370591051719,0.46668122121586725
72.37204626848052,30.096356694681624,0.5535547110936498
49.34818327203614,70.81720886452815,0.49437417138878176
37.44822142447194,6.73506014687717,0.0
101.77726063626613,58.217046017627325,0.9340756511248371
102.03344457306643,34.588305695295674,0.7468969818415145
80.64811658186144,62.091551776747714,0.6524033338631277
57.122383283896056,4.5742033812512854,0.06611047583961799
57.93676596901287,87.15368061523763,0.5369626847511172
88.07645430961915,97.3488969177397,0.809112303473873
101.76882079620617,96.88778552856915,1.0
100.96691394120938,74.96518317429248,0.8507718753313558
92.3900436686099,13.008624013063198,0.4721200431549909
81.36253169234303,75.82631959290225,0.8792443974684454
36.731197199603905,2.458691645880151,0.0
42.930297127569105,2.2123551528997254,0.07484602039314503
101.88433508216634,32.36102191495412,0.48538647084462616
78.5143247727672,48.864319040466576,0.6552763602643924
30.73576412933037,77.04074178077931,0.4809118189727553
38.11772342928257,68.32953766065052,0.24621600818241712
83.08014152864446,44.590270637674834,0.719798814735181
30.404926707697495,27.362666628166586,0.02937490900515667
42.86464411339989,99.71245001577111,0.6596426955711497
73.89870314932689,42.6181302235973,0.6012975559530545
85.35161581541546,45.13870243296755,0.7176546390840617
82.15690076020805,16.362382119166917,0.2638289064184098
47.941544756844785,79.48095487499293,0.637609548005918
86.97433770780287,69.36822257814886,0.7954488199492463
48.97992699974401,22.07696127887604,0.15255773576803755
56.03197585274142,8.238104561584269,0.3599501030854365
89.71931240944193,68.0499302074713,0.6327030432666717
81.97063192377718,65.45112142811352,0.800685760967234
97.93787283953424,27.32595269982093,0.4638700132605653
82.60903138402747,95.08635622504103,0.8563875512646886
75.46468826683773,15.105789178090024,0.41768770937160715
37.4939814262474,43.23348010426019,0.06775256919207262
59.41726424475468,94.36159201675989,0.49483338120623527
51.216189414538036,41.97273169261223,0.1319739618904101
49.51917147032668,63.85259476640856,0.3893113512788867
107.84084438019565,39.75943979627943,0.6633501963405852
61.44781797334083,27.421520234867003,0.3848877094586278
101.36372441416907,98.39776479598282,0.8477141153736462
80.49109007978103,40.9334006315043,0.46238442272716884
93.58490428333187,89.40992036791344,0.931803743089284
70.21096744841537,22.995460589108617,0.21282123261089111
76.15231077010873,21.31047040250833,0.5925422104626437
69.4014155055091,3.113408288451136,0.44886979920159537
45.61943902384356,65.1666825375885,0.44493439611974334
87.79616922092043,36.852634372376116,0.6181704346893614
52.46178899526846,86.4358249839637,0.6711277166562292
31.945277314516307,47.32099066915572,0.07800561434698097
81.63778367257342,96.81934279147217,0.6061484135865207
44.16885435256391,18.552551570312115,0.07628068188929304
105.23668674823314,86.86231679556109,1.0
106.31428616020699,77.65968527917417,0.6968639940088424
103.18915121763588,77.0921844644052,0.8904101060232857
59.61269602043555,84.47832281168877,0.7581835178765457
31.236529322309394,76.10239909429988,0.4559620038295358
104.26548500701803,62.62203216314154,0.8160575418226372
64.25473186538514,13.124487768238758,0.13486480377800047
107.33238552349357,3.2526179491251916,0.7255527689769865
107.08959816714022,92.08478478156869,0.9861025286507106
98.24075643738881,61.665031452073805,0.604438997912538
53.55591136556686,79.65372909761763,0.33282716556156433
60.807818288154024,48.152235151255006,0.5875183055408122
98.09093372134855,11.730818896239448,0.6252853836703033
55.35376041250221,12.518579220255043,0.371942239701489
43.5594197348874,68.55652872289714,0.527513323016151
74.54410099666802,43.030589489946266,0.5349120562541241
104.89238193286248,20.052472670033673,0.6488812958786199
85.68238373399784,49.15945467414369,0.5864266608299545
75.6048936071492,6.420893707513409,0.29449891200012024
37.77411950166148,58.19714019143988,0.26493284137170536
79.20057813593358,26.899340443509768,0.5861535600856034
109.20430800834106,79.75591006371882,0.9538253227234859
41.20672121892192,31.036195892357377,0.36520450869328236
71.46637218909893,45.52201490818012,0.47043785680263756
100.18984575423643,1.1620539908100636,0.5739078906075151
89.26148942033635,7.244688779455888,0.5259629470071416
85.76125927962144,39.24935564066848,0.611885732082365
86.19872671896874,47.99388347171235,0.6945194935133214
58.75929209758041,60.00205481193037,0.3506762973294971
53.487347541159465,29.166257870930323,0.2977656490607335
94.74889243828109,69.49818861265426,0.6052993688610643
94.80907157433447,86.01223971892045,0.7839215267411153
99.3657854864083,77.98509888933498,0.827250614153908
103.05924420451771,3.9618825348357145,0.6246815654914146
70.90739190887503,48.0506947257829,0.6792206392541758
70.12130357497597,10.493017841817487,0.38314227479893204
93.86361431734201,24.204501586252746,0.6732326801957
81.99711446222122,98.66625932671465,0.7871498195715988
86.15735018061628,14.249554290151323,0.5318199560657599
93.66341355488808,49.888815345135605,0.5054037494957124
101.2004273454053,61.81557343181191,0.6830221311545261
57.03961254812286,70.2464970544104,0.42852431961061854
60.04663621119552,55.96486834869141,0.43820658698133746
37.51855518726952,0.9770847419183659,0.0
76.26241127969392,32.64613082439919,0.33356224691662817
32.87538190373937,51.771164338471145,0.13937574474845216
67.24784145059681,8.786649914483336,0.5031184868978298
73.41157077660613,35.06269312091808,0.39837635614943856
52.92330017026275,3.3203108791366565,0.17802241803835028
77.26666084552086,7.857849715502074,0.26437044029877194
32.440019995123954,39.69232762015961,0.2213814888743754
32.98785509993715,13.271575404306034,0.0
95.80804485277267,56.75408482615582,0.6033737070757889
58.81525131290103,68.94649691372658,0.4985294238800557
40.16484101215078,80.05866991090829,0.19867330689893242
71.77946080438434,20.01502442448101,0.19647166679049674
91.59948424788887,16.748258225906977,0.41661668840353755
47.26568219974745,10.456784033440025,0.0
79.83123806552001,63.64302495436367,0.47151668696113125
36.82779719950144,70.64757264869012,0.2693430293265219
34.13453769348862,3.1586144825642037,0.16467776246334662
72.50837052545184,93.62122462436898,0.7221171347860851
73.25080972880852,5.1971283651472415,0.35023667680921944
80.99439211985653,54.12963353010704,0.5163720043026008
88.08730669781292,70.90605194509165,0.89198049578709
108.06816635700277,87.09691237460856,0.8927049136708316
71.30402786409562,71.40869321324278,0.4302520885519968
55.836517835299674,80.17280830697918,0.5612917234397847
93.61489558149628,33.94501925428061,0.45842715126898514
51.66658010096594,81.48251137465122,0.4265186533765263
65.11771365645089,8.011484638467515,0.29839356646437526
36.276510507381275,89.48166560605276,0.554689501103641
32.0280594732366,54.75923761537362,0.2316660286468165
107.01187317423401,81.72977699624937,0.9854116632044181
96.87840964097647,45.23182845183001,0.8796421217142718
85.67793648749584,64.35776951965249,0.5276112496940214
62.71623555314159,52.640266093611324,0.365825441230815
43.86354560566766,73.15895217553319,0.3544428309836988
42.514963413686885,8.162998203058958,0.09524548983042003
50.019431853167625,6.03520839905638,0.138695002601201
73.93813317648963,24.710323401014644,0.5914216934503528
87.16767381600499,15.954468011318834,0.5781884834520553
82.8157901374185,87.17835665922017,0.787993938303801
52.39471175567543,21.92139873580443,0.17939502025589626
106.38922245305552,97.58652558191314,1.0
89.03175333566148,33.68957917711069,0.7595206713198994
74.34832420091206,18.211791568869927,0.5339389108024108
78.93765969874818,78.96985071424791,0.4835378926741922
63.568004994223195,65.87077755008761,0.5698036957303871
49.81847916009259,49.8195716453139,0.1683710328587904
58.47781429210093,55.53635509376312,0.3387719156992982
90.62768883714952,71.92017782722638,0.5661982577266356
31.15147909038047,22.845474133129873,0.1415361708901281
39.2858112405533,99.63339160567419,0.5428131161238893
33.68021136174022,97.4793162146783,0.2633139052981269
33.25830418551761,65.03256863469369,0.23810310914814867
98.43684672088058,19.954245092914512,0.5755879343604793
86.29262875040189,68.02282424312914,0.6419072213048974
67.93390632698602,7.219840897917584,0.16179366123814265
37.82673285208012,3.0652502205806065,0.03854061334791349
69.32927000934659,25.76828885112137,0.4985138995979521
67.87774166244526,46.26229567393163,0.2975353109773681
43.856149592801216,86.82725054083805,0.28330212974212265
64.70813193903784,72.7169069766308,0.49308713418370065
61.88037875178988,74.2706521199981,0.7128757337659866
79.26800784417732,42.54933344480754,0.6071364512997256
80.8074920694115,34.59349925469629,0.5908981702083973
33.62432078176356,37.10387629846027,0.12036590739221376
59.9690091701177,98.76495637360578,0.6572917107537213
80.0687932571389,4.010919141248248,0.1956120996046321
70.25090068640702,86.70314961224486,0.7031327721608489
98.51918729506578,57.86754085723934,0.9106788471724454
82.69549052951561,43.86154191895905,0.6156917339851309
43.034754166514375,72.52576604151365,0.5373431578014505
35.645499792034386,48.666894142470284,0.32659804719657654
81.39354225650524,87.34232380816606,0.5830442287179296
32.12090484332975,90.07018640112585,0.5371688548438132
76.86204650187706,42.17209268734554,0.34673125725577003
105.2184193139966,27.682779723505156,0.6884562527681006
76.03793423007032,59.23503285933622,0.43907948768025534
61.05359409652175,91.2363345616691,0.402529938262951
81.46305747538825,21.066218900566657,0.43905151071873416
66.66023123932133,62.296658356348274,0.4421546507819656
73.6493431452748,63.156022009252055,0.5743943591456103
105.317184702122,73.3113022415281,0.8890040489258477
60.88821102406194,13.15676851272598,0.10178428565494738
106.89524510591313,71.58249646820886,0.7122456422166822
102.4280513564851,90.9032520665641,0.9302803520200648
45.663290783143715,17.968310887024195,0.12661486569073793
35.548904070013236,23.754332492387764,0.22830350551442957
38.06224011019413,97.13950940416396,0.5099414978798877
31.45774605212398,18.097695270948975,0.22156562167068847
37.55543686047427,85.4385093369579,0.4754169444690788
84.64054187330855,49.227785644803475,0.5786876375850872
35.69509187681832,24.723107440317705,0.21079226779518112
55.5180504235009,87.07499012725114,0.44983780838742865
97.59002487755636,44.53052550026655,0.6075726880940241
31.86175485886607,51.48173539296902,0.3354841669816889
95.15747860711487,35.92333693997657,0.6109422438739007
52.548381981872,59.29508514349274,0.5256453416453519
39.4531862097325,16.352387258502276,0.26527739507431425
85.73897322913206,39.10815366517607,0.7174998489437082
80.31542774239071,96.94123223352875,0.9317847313385283
100.19776108216423,25.813343270112753,0.6021306694020012
88.80568350431086,65.67366645412922,0.6312840194273038
94.27847443078788,32.51900642246949,0.6450440825584327
52.562765805704515,77.34731256866006,0.4270789631924752
44.195163502377824,13.087366071834982,0.19924285727526678
90.04918013126867,96.98210450785447,0.9205316140734627
94.54677914138112,45.37895413836392,0.7409786675106688
109.24041136005387,23.605046334646396,0.638544425347038
63.00941415291412,7.349674733001265,0.1437133857583621
59.761446863422655,16.975790508754073,0.26332574889556926
92.11303685935974,51.977394855601766,0.5307950135003686
57.264283220241424,33.70031764312863,0.4953222087978485
104.46058604828518,82.88833658826094,0.8283587260103256
98.67302014744095,43.08875236618059,0.549186559459859
64.31952219000146,24.871427258762992,0.16706122942236332
90.06968542331978,61.714498660403,0.7557095898311041
90.36342992677459,70.67772168854458,0.790197538186885
38.24990950687461,16.704190790094987,0.06493275109445615
102.20423253436533,16.761921628831765,0.43726418606212747
70.42018979582858,3.667142693354297,0.28167155220022433
96.11659728861933,73.64020150656405,0.7149222837162585
55.603968082448944,66.38045276218051,0.5283998275610928
101.64185827969604,47.46308757498139,0.7694779871787218
61.13613429873305,84.41704489691972,0.5170266781071926
30.86701211842387,80.56701529500532,0.21592767377019637
102.4305581135411,58.535436439675216,0.9725853180724958
37.302934142890685,86.82712805132586,0.3836811667554295
55.54509100723319,20.584121003676824,0.34923436088105103
106.0049573640644,11.191961939772789,0.47102621502091835
106.04857175500449,26.974961151698963,0.6725000126330887
75.87503104986288,5.708685608931486,0.1779121632574837
80.54697697358394,53.1169528001032,0.5937521856664723
65.87564175826557,93.66056922949615,0.8293165529520574
53.456861735845166,3.9343540668509647,0.14534656448056268
56.29316362959328,12.21099140100268,0.06164109785592492
83.80147648616307,45.21990282834353,0.3967730013273345
90.1899623550144,93.38750175279048,0.7801694286525178
93.32632349806788,31.61561049767505,0.46541984281148685
93.16945142356431,50.723480868839246,0.48600564768336363
37.296488243895226,4.15728590503921,0.17383825102944175
69.55362437620651,14.834320096208886,0.33939866675914065
34.604700801331546,98.66301229588468,0.34488521398258715
73.96231058589885,96.51186964360456,0.8757980811752519
65.32244010987016,0.49399809344096157,0.11334987727800025
101.01633462066398,95.18117854232389,1.0
58.07320100416629,63.91199378155004,0.3917836696083885
39.36536131420847,86.79182945200222,0.5727689965880449
41.43933456422687,45.47398556338591,0.3088681020770298
90.92085053739778,51.55960285792502,0.7938277343587785
79.45744506530089,48.88465802569202,0.7600747353767103
38.08981408982322,66.68642575461044,0.24278148381961417
36.72854448919979,13.96512547563129,0.2907787797345608
86.0775305167296,2.9973589872677953,0.38836367278551126
35.821040509135486,30.79299415911909,0.12103454234976144
95.7488047432285,70.46807627366466,0.7111431823706748
86.4993781725197,20.185345212294838,0.5210497600821111
36.50790245135198,67.34324333249174,0.17984025898650166
36.78701712681536,96.99120461072704,0.46035204103722777
108.93116628009403,9.39007157894184,0.6462259583804741
59.941663660489624,67.26021182251263,0.5983640497856707
59.65137176535127,44.375021930457116,0.5333453607369973
95.0239653806002,86.81422543775054,0.8111131822304734
105.7798861907087,17.71497894473859,0.560142361949867
108.88008510582966,69.26259522261645,0.7723849781110261
90.27025482071534,83.81152896481102,0.6651225616965579
60.10076684247326,94.46142194740233,0.4266604719877687
36.6800573358935,68.32480282896458,0.2603788328689449
92.17175327419494,49.71747640084273,0.5732571320121462
74.6723399788644,61.78472402012139,0.7687484002685314
63.937760739758104,86.89049844787182,0.6251787298396907
102.50835080757888,57.060974663882966,0.7109673453245765
38.895798584492105,3.038705969683686,0.11106035365990392
69.41000834326873,93.09486955069778,0.5236332213155848
30.908291581393527,68.95267510315611,0.260240386953957
67.4928513595301,67.65133857772466,0.6022954680757999
34.504262054546984,21.567515239771716,0.1156111590851698
39.505433301445755,65.88854702326572,0.2955564581156357
39.40209974216839,39.386440565415846,0.4256008658878056
81.93682416928509,65.12329770414921,0.8021452769458057
89.68359034123387,10.659303030799073,0.5396265229462264
76.66950120777277,65.7845304603036,0.6409103253724233
106.97380387796335,99.94137257706666,1.0
59.98964636189633,4.821203886055603,0.12473200638741815
52.85696690254886,97.71741842213173,0.5203520227633709
99.48793025515683,40.690796072287064,0.49970647435918425
47.88766708155621,87.07534503372591,0.4726772982413059
107.0578031552489,78.23854840582734,0.9080975508707414
30.972357975185307,56.70162609866678,0.12519908364984078
107.59030613661112,73.84492092513266,1.0
33.45279295604609,87.8515561301348,0.5410840160657816
101.29144909584569,40.4140321651033,0.7851992910616182
72.21608872690399,32.70331615632387,0.46078858158322045
109.43718368954403,66.75933855635847,1.0
35.903725178831905,80.78459419412586,0.21967725314712794
74.30834275210566,76.22851347766158,0.7534305422613927
107.54420284952792,79.78136488586345,0.7506353065016527
71.8478275336119,43.5583314812933,0.6057762974470247
80.351891050821,81.78342161750216,0.6150798966517089
85.65989511876937,12.020905537060845,0.6163690679462892
66.36328518142186,54.448909796084955,0.668137115575163
80.20464640672508,0.575866049812157,0.23835670001173298
76.74514495384801,32.45858299002703,0.4654931611401257
102.09264083927911,36.646153487139784,0.8796743715082265
33.63571042731663,39.61726916092554,0.17909987923783552
52.477055167378424,69.54672066898621,0.592183805437101
106.0329187261247,38.85581012703457,0.7611627398066014
101.2211027112733,44.86936226225306,0.6637676825514028
66.45254022285704,23.754413087432745,0.2827251262315068
79.61060782412294,37.325179162934006,0.402669511767093
52.19049463849061,22.726962726315147,0.36205583724501905
45.0496927779009,7.319592376844364,0.09676726807084537
67.09587239519857,60.34485933813779,0.524108665196841
58.268178242084225,66.82127985550163,0.47622664823811106
76.69248894806977,61.94903460096145,0.6289014172076216
36.218770957198785,46.34940438005724,0.3782692579490407
107.95158461329332,37.978578017922985,0.9288469341047636
108.89685955836823,86.33336495718252,0.9000935899460186
85.85293712157961,51.908178513621806,0.7575373113088555
72.88770930752963,47.9181877629731,0.6191416887202517
54.76220930290622,2.5642065806435688,0.22538497667660023
95.10360157655589,34.12478276261564,0.8071950003194049
84.77849380431034,38.019561878585705,0.4431067572580315
43.00935514759131,39.88227808969005,0.10080496008954354
102.8741747595074,58.017236922733225,0.9202100451694073
95.80297943385352,53.360254672687844,0.6826232910981521
105.98399306335392,60.79050927934446,0.9518295267753565
88.0575606710688,76.48832615421283,0.8986210917280333
79.07321567486319,81.29857387160935,0.5182264504955398
63.45944290324951,71.81230762264944,0.6915809574593934
104.61827866832107,95.55236959549347,0.9211741905421507
99.28511116003267,1.823258267636163,0.5311043623724825
33.61749360849515,19.57779856835461,0.15607940077441618
32.10935795978016,0.756287497814212,0.18939837738164275
60.117069350243966,64.7474714154603,0.2925143435605765
94.84426646254663,89.8030548949987,0.8362816053762212
108.98209034519556,24.34822965762993,0.7648474131917106
42.033351288282255,92.70345447963066,0.550146735659931
77.5304572281708,6.026739028956085,0.4575983579419486
60.47126853048172,93.44360268055144,0.4560829764640675
107.59315182516826,35.16226872396344,0.6423559489332882
97.36951385085669,10.142082844921651,0.48932589542791716
97.06629637689103,48.58717591863256,0.8191208095730151
67.49545278359761,25.677656772050796,0.29543047193100647
63.185560187013216,28.487290196192284,0.24712284773424953
51.8725657544565,30.728996492628657,0.4699394367441769
34.51003973207417,80.30258978326634,0.15858097116900916
99.17779010040425,53.91612766752545,0.9336262786959251
95.03208073040621,31.130769915600364,0.6829922046834063
109.97741386289044,61.03337833109184,0.9753518370756926
109.73094696591244,71.61506742231936,0.8022901304720979
74.4345364482102,27.262400073353376,0.248034734721814
91.51899321444084,41.354910152535155,0.721959897143059
105.58125839059424,12.188609333694755,0.7492717140645062
97.97179125419292,18.11493495346803,0.6784386270017266
49.78784813945581,68.11178539649828,0.2779961175522471
66.04353082480748,18.143834769562694,0.44427298916709446
40.3327532121196,52.516338366706016,0.3951301154007775
106.32408218069779,70.90462617224327,0.9194653273122284
78.49397075607041,10.687692309474384,0.5129019230266602
48.29142444027702,56.73122196289035,0.502479147024732
83.73605475246853,25.656278370136377,0.5510871698190429
79.45025923663167,96.29268752375798,0.591489579957641
58.65301744262724,48.35456467199247,0.4033670133745585
39.08460737597032,80.59925497751581,0.22159130909848268
83.72585564742397,55.022654215626176,0.5860517466311568
71.62461607230347,4.341253285481916,0.2923922293344547
91.78547133885115,63.31513755940223,0.5430555229350892
71.61308008895946,95.14033422066571,0.6321876511376506
98.1745200254832,60.16118201463312,0.5963528677661826
74.15254710195885,81.91888594267903,0.7821137310390964
74.87503772283091,88.42064633484078,0.8693205786463832
100.1322882126676,22.807977194893247,0.44615066047775537
62.27862929699177,21.204483990822666,0.5089537386074094
40.72121827605126,61.09809888509917,0.33383217234547924
32.30261410506712,41.10284698067047,0.10150726489223483
90.41098045388952,83.98613028667204,0.6197717046613249
79.62476410827718,90.00231233980112,0.7324446873994503
86.32638144793788,35.34213793027181,0.6816226303769208
47.03713292071286,23.687055897448207,0.30536131140181855
40.90971804694158,78.05255152438619,0.21412349603519606
31.163573253430556,27.48060355481361,0.0
58.04700470452776,82.26143185136785,0.5005475757424844
77.19341494837064,42.37382536487628,0.44156211119146227
61.379523607978584,66.75498992914704,0.39532011599884664
64.99799376189833,9.553531383466819,0.21310087831159014
102.33269555949987,62.3859324676573,0.913432043885632
57.86043736186403,45.17676787372291,0.5613515731616134
71.11915913278486,58.66084631754741,0.5050781565771026
92.69224101929144,16.801420774486342,0.6998418915956299
61.72342258570161,73.68737449441821,0.46127344786958774
79.76693601822987,86.27970775432286,0.7089456456915321
98.98909669973962,21.673980009077564,0.49452574441075725
105.96164989261138,9.571455552016172,0.6641886132729875
41.76587847432303,2.3638586046336396,0.2892919690458809
104.12701001291956,64.1971500443266,0.8541384136915545
69.36930344636306,60.70940360887808,0.48123302392865486
50.659551063916666,54.669741271407005,0.4327525764612144
66.7308604990609,23.194709611597542,0.21742856357550194
108.40260602283817,39.09059959055147,0.8998455756396515
69.40944751942956,59.4476335186173,0.5345949707821255
56.300128823000655,49.67668588591694,0.3756976065320295
80.67206834533806,98.77855202148874,0.809500636057398
49.21164950225545,13.643975255673313,0.24857681740537008
36.06906624869311,69.51445540475937,0.15228614097484097
40.310377752851934,40.431876810429216,0.31210222887746736
40.24366711662179,42.819961492561475,0.14488002147112117
42.15221548098355,71.75977656581762,0.46376177537328295
41.106173811952814,69.24361513243696,0.48928468187307267
81.26997958425717,99.12559937021884,0.9026106473838122
44.55040675193159,12.839428945412523,0.18148615338429264
57.65338266590906,10.410964938416633,0.2571121866722849
101.74307279248094,72.43388171287411,0.6849589573308681
67.91693122102978,57.83869170064091,0.6258702111215413
83.40461908168217,27.416066655980586,0.4187626619152243
43.78558969613039,7.9419368988986605,0.13383783944375116
45.38312150469366,8.565824959643054,0.06334634829478136
33.26948930131831,89.41908746641182,0.23572886482541186
43.514805045773166,19.18673247187429,0.22993104648749052
52.287227122556686,32.33715621155208,0.11823564219454497
44.160838742139745,22.6656402226988,0.29632694510732327
37.09620270056445,35.49963058319373,0.12225476069145491
39.65086968804806,6.942384274609337,0.0
66.86230144261806,51.90597909082704,0.48854283287783556
46.5066974724634,6.76125635922149,0.0
59.14158888384604,80.03565078223616,0.44917234288614977
70.27338166838855,23.3712081910433,0.47832579025937383
85.23158629034923,54.00119146045106,0.45531751166816986
33.144971187287915,88.00790875614582,0.5113543158716436
93.95283191272341,65.08773690471942,0.5415251560277365
80.23203115927262,53.29577865513353,0.48865289599583966
36.54072255590975,32.43337531153756,0.275150542876302
99.88628992854218,33.300191305819794,0.5838559995790682
103.66979204254505,66.94869551981901,0.6610751776247694
34.8862367883891,99.41393612211675,0.37839608792155643
52.1502118517763,66.18391898493786,0.3390195793818839
94.4961023834449,55.77834173700249,0.8439188956880688
89.86077523069267,73.06505102392461,0.6665551853599506
44.76168154851018,46.52056122837182,0.4123678452377165
46.747945866936824,6.0142342600785215,0.3064153889666341
59.63776822331056,56.22968158779098,0.42072895585660497
68.7618388152817,95.76252845053801,0.8377411624585216
79.46038172242368,17.530294235765965,0.3920012614465186
59.51309116558179,69.00048908206658,0.6829815066661731
67.00277729065184,20.093368865905646,0.19361011495374045
89.79767505070052,53.582768447308126,0.7376213432707835
32.93465623124783,9.667644964671961,0.05820611777581802
50.19495554752166,45.037093625818514,0.2866700632919453
87.0679668707642,75.61633288952461,0.7835598345882703
101.61654701497595,34.757152423898205,0.757695548961645
70.93419536925329,66.4911724487218,0.3747164629244105
72.56907882122525,79.54499607897291,0.5042293109739604
38.573760907182084,92.71778194794527,0.5203927548493742
65.79298934587638,23.464208185545353,0.42885841826753685
72.60938131640185,39.931591580930814,0.665715728248208
49.39764029077837,15.241601333041743,0.310863823613318
51.539458475950475,99.24835021583752,0.738848422525514
60.18273304836981,92.70009679242953,0.6781870856464145
31.60569582221811,53.99571302805596,0.14724645423463695
55.76633324665426,84.20332943764213,0.372206786000818
46.91584055972357,52.09579772720422,0.4479815404447179
56.19978817423317,62.35856880027597,0.503592375098219
39.5809705455401,8.912443211601662,0.0
101.2421824591916,75.52704204968079,0.7804447230030515
77.48739628432389,12.771348363523483,0.5899607917802376
84.32818553155917,82.60676302525283,0.7380489018717856
93.13369908858706,78.20280876703859,0.7594056326404393
69.87537591432458,70.87446977429764,0.5656430405183425
36.9536230469939,3.6160380524762115,0.0
72.96852334548382,30.31283559453286,0.39099813581517817
76.94728944167034,26.311256991084285,0.4052750011717353
89.6351579347464,36.01364074715191,0.41226025557419466
64.53276369837435,8.764274676383854,0.4010798778505104
40.2064242236451,93.69578230310628,0.417933083651315
52.702072463897956,55.38022407123763,0.5206583944907546
59.046583711890804,30.552431065802356,0.4801983025503486
81.67337930652809,39.698151707428345,0.4311405735081373
75.66226437351295,44.72025405048357,0.5842893918713329
58.4877380718277,60.05943333606173,0.44280849054814736
108.92121990343837,51.567942769649775,0.9502436155229809
78.46198554855097,91.93919732144174,0.6175179525704809
48.97814333887956,49.696348290583025,0.41224674832794655
38.1425978096323,99.21580148233127,0.5010335384026564
42.22873113474656,85.14249577450957,0.35040605763737065
49.67661827076065,20.85105143573358,0.08561920423410821
42.85450986076445,93.05952146439162,0.5293028140042105
44.925361924104465,11.636639788547608,0.2539257568379062
52.807613495507766,81.74497084911916,0.4242879221181249
43.86988762358038,38.06232934765801,0.31420651617641043
101.74123397011401,87.79743204450695,0.8473013459984841
36.41869965293138,86.80566901074504,0.4806456767530126
71.96091116562037,80.59254001176211,0.5167631037468225
62.83174615917292,79.00304363070614,0.7183362717710913
108.59028935268852,30.46791390980408,0.6262626643706121
38.96311217344419,8.091928305125219,0.04670544962379343
61.82844792365933,40.29801787651615,0.22314221176564952
107.55763466202951,17.35245149865087,0.4956969508883354
99.24057007151842,69.49510889024617,0.8036294721823041
95.3657656759424,34.609972653778556,0.5357202038758707
50.632226163595185,97.56102008599149,0.6791778668678077
43.67100699120527,64.0972077345332,0.1647987388341538
83.49145759395448,82.24805636343609,0.6818157768771774
104.35007913020686,13.252467274184843,0.5455736812809279
74.54103144111438,86.20144822726226,0.48659458108444736
75.72901515759199,92.27571905133944,0.5618178494875017
52.39832749282273,48.70619188189359,0.32826929369119895
91.55943465535495,60.625293775097745,0.7013427687945317
44.96349988460187,76.48098009029954,0.3798660683976599
55.89433891233949,17.483862726041256,0.2765180641115488
64.03491508931334,50.25660764634424,0.4943409637174997
70.6088302947564,39.86630277723131,0.2680009667707325
49.392778593206415,14.63739921622491,0.18963350009534935
39.18694597913628,36.753442229153144,0.40131556011517006
78.8496033953306,6.817230938549357,0.4012538612709964
53.09044425922046,2.5811906949486985,0.25452000170752953
76.49905771380898,13.516628915482276,0.3275549916822497
42.34901722193619,96.31151115891738,0.587460225061296
68.4912081483854,54.952953589501696,0.6176644682213432
72.60715460412686,96.582216115322,0.7144009430538951
34.145882945794156,43.2497878330132,0.39449880273719445
56.92834225551365,31.181613308525957,0.17690910605551755
40.75317415511794,50.61418628402441,0.0898846172553146
35.069997637821416,43.95116886329101,0.32189294243966304
109.19681859119562,10.566468426174392,0.7591042280846179
55.788307597977834,64.08263146902063,0.29782572450914674
94.7899556683708,21.60381825095996,0.4785730737000633
50.37125238110111,61.95879548978296,0.20764052016404175
84.52021777791434,65.02010923981534,0.5863055146058448
90.81822879117493,15.20248531286481,0.6262034067527398
77.65109924862755,6.134962711066816,0.3891073062940054
67.72609508401267,78.07615860684398,0.5344885848247861
62.947273131781486,45.98004237693202,0.3797204359586213
57.90946132343962,5.816379550547579,0.03312792841417472
104.36233153982607,99.48663171697672,0.8755842244426969
96.44955262301833,5.778056099636664,0.5800673657263564
107.20215285332101,69.50352288585532,1.0
39.943777878843576,98.36789252634136,0.6068742349902522
88.46939801629154,23.918010421592562,0.3436305126667684
105.06723654568303,14.224936868719617,0.779328263437437
44.498645293252814,12.138493942242889,0.270573180787818
35.3197013893422,30.327514756759555,0.2733582688754969
89.28965194320472,10.10458110106467,0.46828901757972263
75.95784905439295,69.2161341694132,0.580750521767401
97.34630214066176,6.229179813006269,0.45118027684026535
41.18179013010316,50.94221281497897,0.11391022081743593
93.62138494879122,99.66968538529768,0.7671332740546045
46.13018560381956,81.39702695060188,0.34520595382226416
43.09247542925636,61.52194382310109,0.3379121688959077
43.14126383447943,30.625362078661166,0.32003868971191796
95.16597761851057,62.389583629163845,0.7278270980146633
83.215777655696,52.70414639116516,0.4330726977612449
71.84523398152955,42.60833838903715,0.6673885288129018
58.7064387298802,13.071037674019948,0.4446721688078262
100.17604326504866,88.66042152404667,0.9950378278434151
61.395608593810834,44.97846488213225,0.6119120846077986
95.32795515772617,19.462251182076507,0.5856016015313574
65.13079268561748,36.77593508772896,0.5956920255943293
60.155554353992606,41.4129752528927,0.22206057491321568
67.01438285356852,82.75378955668742,0.554895328933062
54.110229933131365,73.3614380561402,0.3644249839257524
89.80875041410009,76.93048936413398,0.6346208192159946
70.21763120739834,1.1031264428647214,0.1623659193840169
48.57701561174538,41.615399817976154,0.3547546729863937
101.96596586196547,48.13441516353236,0.8448111469177926
60.711297709856915,1.9192276823056686,0.2693310033212938
73.4842288891191,25.98132087450342,0.28884208400169076
102.51776887716376,76.0289823122135,0.9724487038009706
79.93903967311937,13.710970572899905,0.4837685627054863
39.35184325666913,53.531013145259166,0.23952915945685332
105.18656988907802,21.52018720172375,0.7196321411894052
80.21664424571343,1.2120774643893273,0.2854351333975411
56.79244917256689,24.12014575995415,0.23550083523175247
41.14176581307098,97.58737549100537,0.64090708281485
93.52201514162368,80.15371118829896,0.7132317605839416
79.60582047428107,95.95766443210334,0.743869618548696
72.67688735810572,48.785404392636245,0.6712747277147437
101.51140664407662,10.973619867750351,0.663318569408587
93.08777689796246,54.79594889736929,0.5172234127900768
42.1339903786201,45.43773345599609,0.13167707937522322
54.93776542364386,84.4357082739616,0.3279127100819421
49.87913118515726,9.808258078424458,0.24069523229404266
89.51570340581415,48.82411370217782,0.6207336005164847
32.68259477886235,15.004866469398426,0.0
75.59117478970532,32.467592689006,0.6549778301015221
90.99669485925524,73.73570773877996,0.764281931977782
100.14125094093995,47.601812936876655,0.6132239514497119
57.366539897272595,37.58882851457693,0.3558457917497352
95.70058437376103,39.44762785700353,0.7223930273252651
38.85053895641658,45.94467684059866,0.0806534367249448
97.71618333876145,78.50165438370568,0.7317595185946904
40.1990929865586,89.20846889402344,0.5561132693288807
61.78298324482938,95.53346865039283,0.6043721970988563
93.78362926236429,78.6903386255295,0.8117694307827682
41.9933941879019,31.540689574801274,0.18923961559225705
48.34011161861132,68.81347060865421,0.23036469663140383
87.7802054714453,43.760312405539196,0.47469270258605895
87.60292292368595,25.467062204605117,0.5121068262428214
81.29181063082379,84.08715794259226,0.6047113976647187
85.515875557368,3.8426348962324997,0.2517312177290616
73.4179554678077,90.17619921354235,0.8237993284834566
50.14392471255622,46.147746462473414,0.5281474328597117
57.65567948031355,63.72014768082804,0.5795553364243595
44.527817344114055,65.93539222057827,0.5142141676450354
102.67604490669027,89.51177407065364,0.7999082852096095
76.67134358128963,63.66696821672073,0.7889537399318352
62.06811334109119,61.39335847600618,0.36485456574358
66.96046429153061,6.665204056068996,0.4844362225554885
105.78266716894522,51.84080219452041,0.9736609301315513
42.26811224928642,15.016900081704165,0.23676756449488431
76.89838656134378,73.74337687214856,0.8391688994154014
70.47109431075728,51.22219208126745,0.5362378874825908
78.91633883477184,68.02277792083532,0.5427803662145662
31.44881470566724,4.167290060238427,0.0023336247997063353
99.76991271553212,8.479201604580322,0.5946155259363266
104.56946259868899,71.63233880626822,0.6750329495260463
75.21065468713672,7.208433599867337,0.4168509503998932
85.73206591015138,7.12567277652586,0.6389643201371566
103.79995049418366,1.210847523488745,0.4343860787138234
86.57909074507188,95.65013982994802,0.9239817864231845
42.20312343314091,73.75083594590069,0.5496862870440073
76.10306881334506,35.32514085020642,0.6645542166290019
78.53720371062848,29.65355812876552,0.6666975021069546
63.93045370419088,34.97032297458495,0.40294355016836025
88.91553884997782,77.46535311811819,0.9426511170439078
104.74936118152118,66.13706110704143,0.9280925361433501
104.04548103254211,18.519556786746794,0.4940879093858377
66.06714971233058,17.410933533408436,0.33090739956330106
39.05904366726042,9.839564971339732,0.19463355753861364
108.78729591698676,66.03027197013381,0.7539619335855693
97.11184691567473,76.43726622217359,0.8653339901758099
39.97301449626135,26.5046428325004,0.24745637167060944
103.66735060938979,2.094496103091281,0.4259630115062149
99.59170896497027,8.217166747642734,0.5808406092089504
71.50704457008577,96.78600348450304,0.8070976126050986
77.30203485959434,29.544477747742025,0.4725014382523024
61.920216309610424,76.92231478381336,0.35193212816777464
34.38093110576251,62.46635688542638,0.08633779846664119
56.815779331672076,38.19396396528959,0.2967059384367038
94.22827588784091,20.56872621955551,0.7344646014097416
30.37056184036823,12.138641815940643,0.0
56.679933735291534,61.50129680388666,0.499850165778908
61.85349548727547,77.4633780637788,0.4375850766870094
72.99164823503384,64.39042535411306,0.5086670590430254
103.58844931302085,53.030213324915835,0.9032510589879132
57.707679549276904,4.195122343163627,0.31613266290021
57.75625615169822,96.84887775943838,0.4337271431007745
89.00009984877987,79.87141916545745,0.7334672339222521
66.17743527118458,29.282203670096475,0.20012748467237598
47.96838583519856,97.99703293588506,0.5191070841487331
66.19516129061547,60.18815896363221,0.5771899502145722
41.268561630383985,58.24226582072465,0.1648843249500391
44.110958920497865,74.8073179429532,0.32061543923921304
69.86942181915838,81.17697880901376,0.5828632290806056
63.514035960363834,65.64786073315027,0.6817591224977497
103.187672085448,12.809574636620003,0.7974478453565257
58.99151192933065,33.82675059944984,0.17070786146602557
76.44706802224349,92.80836403260497,0.8239896356954028
80.58114303356243,22.461561184385193,0.41789444405019627
31.04755652706669,37.21670238375133,0.11370675797979751
83.08298976133685,43.2076882944196,0.6726591657265137
44.24287734958011,43.940498969445215,0.44995414885779517
106.88562539755641,61.29395824945255,1.0
41.89301822024903,94.30758377447076,0.4972770061650791
63.1699298981619,24.069271183250496,0.2879000226894173
36.82797344629151,12.150137630091805,0.21482998571106524
109.74994014767579,19.747048985993732,0.5775133003564633
70.1756008264994,88.69249002092695,0.6817165778158605
77.6308013856035,64.5810812655206,0.5589867200640579
35.3661181910742,28.590678923916013,0.217261031611871
89.99683763193423,81.59469389686173,0.6725146229843564
46.792447447646865,86.1369996363436,0.3471285326966562
101.84434315525709,84.6514338690278,1.0
46.41117123856057,91.89265336395545,0.3313758709248408
45.255017653093326,25.224102017336158,0.21769220356151722
32.92397342784759,75.50419287462783,0.21228768539257184
67.76535560879994,46.053949727414,0.2830279513059225
75.18729066100931,84.19985528900615,0.490111628430165
35.25669115426819,72.84906771616131,0.20091016336398765
92.04220933560084,77.64474464997247,0.9226036904192962
66.26310677984222,65.61618376810715,0.44742953351205594
71.9512215462064,17.742876946970686,0.565789337614549
65.26101975505824,54.502691889693835,0.5151173329173896
62.06104487002608,98.46697395245081,0.6089714082425053
74.77122650465743,93.73880664971189,0.74277495925156
42.419219674457,4.317373579701167,0.11709299596773923
44.55425043962169,16.481481572943714,0.2785933060918676
98.94284968108138,13.172877345456191,0.4827613083790761
105.68923697069062,72.59799099852955,0.7992813979144188
59.864745302380236,81.77853298569451,0.7087374427239301
51.6595738514843,21.35113663106719,0.4264339556705632
81.51996345912126,50.5852692951829,0.7457640941187309
62.698733687847714,84.07030280112,0.5493009114462633
32.03090845282759,73.28015447662506,0.4204986325054599
42.49220778929523,54.223720549184826,0.3011207339368931
87.2777783077918,59.03476904587729,0.6647383543503886
82.71391535281211,50.83605469162799,0.4805706275355164
32.16767940027868,29.754845131882057,0.1717290973330249
47.75777295463595,56.50219928590161,0.23364645340471524
48.48598372704571,68.88853020500906,0.3468248783997566
83.75141948789827,87.33229158608077,0.8944768931515341
31.57684302034913,63.629135397924806,0.14917318792865977
38.32868655876591,76.1121537043158,0.19537707807738064
93.99328682985515,16.0071634954573,0.37158134225086925
44.28357296434669,46.15574744197899,0.4680635952017593
82.21968862814998,0.9331619827093296,0.398148487826696
49.05462248373812,24.667886452162303,0.20534604316349245
37.95531142074761,72.64617151130048,0.4746009541039764
49.453775279956325,99.18099513493634,0.6769576663036242
87.78135454845273,9.917809958721591,0.40590781219452365
98.45571744850287,40.14943158612883,0.7514628301978049
96.41758916535933,80.00709686991596,0.9266094325606136
61.77468236947639,20.403563462889885,0.3817846463690142
83.44681092565169,55.50849493022862,0.4835230915833419
46.39874363326568,73.30712960296748,0.5665723290681853
53.45181842088106,61.5985450260179,0.4379206393550831
101.70686548168958,18.802473461541613,0.5260003555068398
31.04015388085888,35.538456868573945,0.12004625575581498
36.84068246835744,78.37917844853972,0.17985026846640267
46.630900411682184,55.42265141320166,0.19756907922939004
32.122576309905575,0.5229613542912737,0.12422986794780125
44.51483480718379,76.09907600280938,0.21326221896726236
76.64332487757537,3.531135494023907,0.33057580995082775
63.713964047399834,74.57337827312321,0.560152315882227
101.41373688615799,20.24805601652374,0.43844901871266884
95.39548493907527,95.80734801193802,1.0
57.34538813583008,36.79407513020845,0.24271684403942811
50.7538746745034,32.69316163380791,0.2081061944485195
60.375392653381354,14.888805033244468,0.20894766993534897
77.22359540118461,30.560421549021488,0.36858531655191046
51.4450912658301,87.66507618282006,0.3120880180595305
79.93191262793073,99.63343376272474,0.864760997395578
62.752932175299236,36.83095305068483,0.5797090034371977
74.16377446815842,44.861063095454256,0.40038995420702317
64.89012233082533,72.2070938202737,0.6157231694836537
53.55726076335341,88.61957804650746,0.6279162986946666
105.87626455697253,59.304433418678414,0.9456598694882176
91.08846353278086,39.15256981778293,0.5838254345724317
41.2090540613162,41.262184084862376,0.17028900405549272
99.47743807183302,69.56181464968068,0.7294460977466828
68.99449585996109,0.32182636042786816,0.3787945576308248
101.56417815152732,61.95893374598407,0.9112788577226456
93.98842047578522,35.54930104413574,0.4947559448475731
64.01708035753867,79.41973312770843,0.5211834384554799
31.797544665609394,9.299063982313216,0.21145391962098337
51.494188750795686,58.82022669483905,0.5191647302882196
73.33073717286936,48.09728898861238,0.71131304585596
80.67825758609177,64.23255259052274,0.7387164461306116
50.631014834656185,6.485359448296835,0.13795212946427762
41.14848592582593,57.99837874281313,0.3518622930128021
96.79441894394392,56.14845879595237,0.7899576789623171
108.75217445628417,56.06600944161709,0.6462876727154492
72.05521458421487,60.34876665964548,0.5746079596617395
43.73434286786428,67.64679372263622,0.4573230777885708
51.784586121549516,80.49889996807697,0.3523085173843535
31.471254123797337,26.982072012821433,0.23121538094998867
103.14390452483993,82.5049410180062,0.9121081602139689
39.42008663121129,49.82556822634536,0.450841636918504
76.12131804114028,7.705827913433117,0.1937021162450413
51.92441765497648,5.85509292439792,0.09398395913210206
74.33424020126347,33.42383186960608,0.50682368070783
82.11363106814915,78.48969771114676,0.623434988738078
96.37934429657614,70.76809347409157,0.8666871217491842
46.513701740848255,78.86149646724064,0.5429008619340969
30.879666292678436,51.72690564416094,0.05451150539832181
40.95085040550458,44.01989979554906,0.2637527629061877
102.0014913478484,14.745252670628394,0.6025484180277989
99.91120620500122,32.81927536093116,0.6033234560674502
77.79304817362467,43.40193661738753,0.705225552799604
78.04134883469227,8.860042967961723,0.5267528160813274
83.20293396370045,22.061195271121125,0.5661505385760925
44.02970228987597,59.82252940637388,0.43024353909356433
103.15295567399679,73.56631142391899,0.8275988707758994
63.50164199136585,99.83475113929497,0.8189991279310542
60.65108225995979,93.31133313435576,0.6809666203884357
71.513416422627,64.25651995351916,0.6599691276461057
33.7572773420044,42.1248053294072,0.34135516289759993
43.30266950048635,63.617736470823274,0.26386960287381717
89.04268931410964,78.56516180802319,0.8799091786345963
36.623893434010114,11.833619092338733,0.0
78.25216875731105,40.99048896962883,0.4639900024563034
49.627928774505676,83.98022856356172,0.41737456177097654
61.143649123358124,38.3832951933044,0.5785207365540597
53.09549894165599,57.18722712271865,0.5445800400524653
58.45381731719593,58.77693608621982,0.5289793188599525
87.52367241473964,18.447625313363936,0.596040749010159
53.769737249854,36.22354416522884,0.3479963237958488
75.31237122375177,33.451128874193216,0.6524835665183188
68.08403217592797,2.6196708532064794,0.29461242588523034
83.09369322901185,2.4191763891355245,0.3600864887220887
104.94637914598064,83.16970436757735,0.7599907958378006
88.60576777682002,27.30708099728124,0.6632538432196984
47.19523028726054,51.80787662388154,0.4299733064802168
32.494650804902776,29.872557358877305,0.09194212588193398
50.98112354398601,94.06792451153404,0.343707490209723
77.60623445602039,25.929675886577375,0.5963643930536666
34.114065078740026,42.96568127389351,0.007285406567753672
69.7092997760989,87.27302504846018,0.7283917603662029
77.74742791335115,84.19335667918087,0.88298197995728
56.73951126535687,18.610141784627732,0.2500514328879688
91.67297629966575,80.26433097957104,0.6775940081641584
38.52786025070174,45.81868867378927,0.32918211059277286
36.0110225388647,48.29688720853552,0.3651214746818614
88.25510049628826,13.347997241594378,0.5088773691196784
69.63930529649588,8.060151375712465,0.5163495053290275
85.07219171421889,72.79393069737652,0.5248846493093322
64.7861870882997,49.646115235529976,0.46139910342617885
49.712162659128545,43.68507026151796,0.4099630799185559
95.52818541393597,72.95082286523967,0.9283208705251501
93.95327031751833,76.55128989911097,0.6575569317409473
85.57571766835414,15.890816766935355,0.6003825422858702
51.771610978397014,61.02251494776413,0.4284599724164523
77.21845334952697,13.535408227768553,0.3669015058285118
58.87791175520214,75.13750860290457,0.36982038400727174
37.326565866130736,65.69551562671396,0.46384961006640135
103.38508603697943,95.6614621083458,0.7959432769826149
40.94549047351691,6.895801635642118,0.03358952877758502
106.0189883056642,5.705472115125431,0.5089825135379579
65.68046183663645,28.218707469320016,0.5290439073283952
